"","year","player_name","ranking","top_10","wins","score_average","rounds","bounce_back","driving_accuracy","driving_distance","gir","hole_proximity","x_of_attempts","putts_round","scramble","sg_putt","sg_t2g","sg_total","sg_approach","sg_tee","sg_ar","par4_sa","par3_sa","par5_sa","covered_tee","left_rough","right_rough","fair_bunk","gir_fair","gir_not_fair","prox_fair","prox_rough","go_for_green","sand_save","prox_arg","putt_25","putt15_25","putt10_15","putt_10","finround_sa"
"1",2022,"Justin Thomas","1",5,NA,69.617,35,21.82,57.14,311.1,72.4,"16,359.083",480,27.84,69.18,0.044,1.757,1.8,0.903,0.546,0.306,3.87,2.95,4.41,64.58,11.41,16.18,7.2,81.25,61.98,"26' 2""","45' 6""",31.03,68.29,"6' 6""",9.41,12.9,28.4,87.55,68.75
"2",2022,"Talor Gooch","2",4,1,70.082,54,18,60.5,303,70.81,"28,135.500",768,28.31,61.94,0.093,0.986,1.078,0.632,-0.168,0.521,3.97,2.93,4.44,63.09,11.15,16.31,6.2,78.94,57.8,"30' 10""","48' 11""",26.13,57.47,"6' 11""",5.49,15.91,28.04,88.24,69.18
"3",2022,"Seamus Power","3",4,NA,70.19,51,23.33,64.5,298.9,72.83,"21,284.417",585,28.72,65.33,0.355,0.225,0.58,0.011,0.246,-0.032,3.93,3.07,4.42,63.98,11.71,11.71,5.2,83.65,59.83,"31' 8""","45' 9""",27.96,54.69,"7' 5""",8.51,15.27,28.74,89.21,68.67
"4",2022,"Xander Schauffele","4",1,NA,70.297,33,24.14,61.06,308.8,69.63,"16,089.750",444,28.4,64.63,0.215,1.067,1.282,0.418,0.411,0.238,3.94,2.98,4.51,63.9,11.78,14.94,7.5,79.13,58.02,"31' 0""","41' 11""",28.05,70.27,"6' 5""",2.78,16.88,36.62,88.21,68.29
"5",2022,"Collin Morikawa","5",5,NA,70.026,26,19.15,66.78,302.4,72.22,"11,065.833",320,28.27,61.82,0.424,0.937,1.361,0.609,0.614,-0.287,3.91,2.98,4.45,63.27,12.35,11.95,4.4,83.74,56.44,"28' 1""","54' 3""",29.31,40,"7' 10""",2.9,21.67,37.29,88.05,66.2
"6",2022,"Hideki Matsuyama","T6",4,2,70.122,41,28.92,60.45,305.9,71.95,"22,758.083",643,28.8,64.25,-0.204,1.167,0.962,0.717,0.229,0.22,3.95,2.98,4.41,64.31,11.05,15.98,8.5,83.29,56.39,"29' 4""","44' 0""",25,53.62,"7' 3""",4.83,14.29,27.87,89.52,68
"7",2022,"Joaquin Niemann","T6",3,1,69.95,37,22.22,55.32,303.9,69.28,"15,309.250",429,28.21,63.3,-0.106,1.416,1.31,0.543,0.358,0.514,3.97,2.96,4.52,64.68,13.86,19.28,8.1,77.31,60.95,"28' 9""","43' 4""",18.46,60.87,"6' 4""",3.53,21.84,22.86,88.3,69.14
"8",2022,"Billy Horschel","8",3,NA,69.895,34,25,66.04,294.8,71.3,"17,235.083",444,28.6,63.87,0.68,0.713,1.394,-0.009,0.403,0.32,3.96,2.99,4.45,63.31,10.45,12.15,8.8,82.14,54.86,"34' 5""","49' 5""",30.16,51.28,"7' 4""",5.65,15.56,36.92,89.59,69.43
"9",2022,"Russell Henley","9",2,NA,69.651,47,26.04,65.85,297.6,71.72,"23,277.750",662,28.36,61.16,0.194,1.376,1.571,1.105,-0.074,0.345,3.94,2.96,4.48,62.6,12.45,11.87,4.1,82.63,56.46,"31' 6""","41' 4""",22.47,45.31,"7' 4""",7.05,17.39,31.93,88.08,68.82
"10",2022,"Sungjae Im","10",4,1,70.187,47,31.17,63.47,302.3,71.34,"27,252.333",734,28.55,70.04,0.331,1.116,1.447,0.101,0.524,0.49,3.93,3.03,4.46,63.87,12.74,15.53,5.9,80.82,59.11,"31' 6""","47' 3""",24.6,57.97,"6' 6""",5.56,16.3,36.19,89.26,68.7
"11",2022,"Patrick Cantlay","11",4,NA,69.949,25,21.95,60.77,304.4,68.43,"12,498.000",321,27.59,68,0.535,0.779,1.314,-0.177,0.5,0.455,3.93,2.99,4.29,65.73,15.81,13.83,6.3,80.42,56.56,"31' 10""","49' 9""",27.94,52,"6' 9""",6.15,23.64,15.69,91.1,68.8
"12",2022,"Scottie Scheffler","12",6,3,69.87,49,27.08,57.19,308.9,71.56,"22,561.417",601,28.52,58.14,0.588,0.944,1.532,0.495,0.141,0.308,3.94,3.03,4.46,64.58,14.23,16.14,8.3,85.63,56.4,"30' 4""","44' 4""",22.12,51.85,"6' 7""",6.38,20.69,37.36,88.2,69
"13",2022,"Louis Oosthuizen","13",NA,NA,70.379,28,22.03,67.05,299.9,69.78,"15,569.417",444,28.8,61.76,-0.008,0.748,0.741,-0.147,0.519,0.376,3.91,3.1,4.62,63.27,10.12,10.4,8.1,80.6,57.89,"30' 9""","39' 10""",32.76,62.79,"7' 4""",4.76,17.89,33.9,86.77,70.5
"14",2022,"Daniel Berger","14",2,NA,69.942,21,33.33,67.58,290.1,69.44,"11,311.167",302,28.28,75.76,0.328,1.374,1.702,0.577,0.303,0.494,3.91,2.97,4.56,61.74,4.55,17.36,7,78.03,55.42,"33' 2""","46' 10""",20.83,81.25,"6' 7""",4.11,16.13,37.5,88.71,71
"15",2022,"Cameron Smith","15",4,2,69.274,26,28.85,54.95,297,72.65,"16,217.750",447,27.73,63.28,1.048,1,2.048,0.809,-0.206,0.396,3.88,2.96,4.35,64.32,19.36,14.16,4.3,86.5,57.93,"29' 11""","41' 11""",25,60.87,"7' 5""",9.62,10.96,35.14,91.78,67
"16",2022,"Webb Simpson","16",1,NA,70.609,27,16.67,61.75,298.3,68.52,"14,260.583",408,27.92,61.76,0.278,0.317,0.595,0.131,-0.178,0.364,3.94,3.02,4.54,62.76,14.87,13.61,7,79.51,53.54,"30' 2""","43' 9""",18.87,54.29,"6' 3""",5.62,17.81,28.95,90.07,68.8
"17",2022,"Sam Burns","17",5,2,70.079,38,19.44,60.23,308.1,71.64,"24,137.000",660,28.45,63.92,0.385,1.098,1.483,0.724,0.157,0.218,3.95,2.96,4.47,64.16,12.11,14.45,6.8,83.02,56.19,"30' 4""","49' 11""",25.89,44.23,"7' 4""",7.14,17.97,27.66,89.04,69.63
"18",2022,"Marc Leishman","18",3,NA,70.313,41,27.85,56.95,305.3,69.3,"25,018.083",659,28.18,64.29,0.571,0.582,1.153,0.353,0.072,0.157,3.98,2.91,4.49,63.66,11.28,20.82,5.4,80.53,52.84,"30' 8""","49' 6""",23.36,54.1,"7' 9""",7.5,16.07,36.54,88.76,68.78
"19",2022,"Viktor Hovland","19",4,1,70.213,37,19.44,64.29,306.2,71.9,"18,817.167",537,28.74,64.53,0.282,0.77,1.052,1.019,0.588,-0.838,3.93,2.99,4.47,64.6,10.58,14.42,5.5,80.39,54.71,"29' 5""","40' 11""",31.78,35.29,"8' 0""",3.2,18.92,35.87,88.05,69.13
"20",2022,"Sergio Garcia","20",1,NA,70.756,25,29.17,58.77,303,68.43,"13,099.750",320,28.55,64,0.456,0.22,0.676,-0.497,0.793,-0.077,4,3.06,4.45,64.1,15.08,18.65,4.8,82.87,51.97,"34' 10""","48' 2""",28.33,62.16,"7' 6""",9.52,13.24,35.14,88.75,70.6
"21",2022,"Keith Mitchell","21",4,NA,70.08,49,20.39,60.88,307,69.57,"26,467.000",680,29.22,64.29,0.173,1.026,1.199,0.003,0.815,0.207,3.99,3.01,4.47,64.82,12.33,14.99,7.6,80.21,56.4,"31' 3""","48' 6""",28.44,59.15,"8' 5""",7,19.67,35.92,87.35,68.8
"22",2022,"Jon Rahm","22",4,NA,70.259,34,26.23,63.21,315.8,75.74,"16,813.500",483,29.8,59.54,-0.115,1.698,1.582,0.656,1.299,-0.257,3.94,3.03,4.45,65.79,7.92,18.21,6.3,86.57,60.9,"30' 8""","45' 0""",34.74,41.67,"8' 6""",4.96,13.98,32.39,86.56,70.14
"23",2022,"Tyrrell Hatton","23",2,NA,70.141,26,37.04,55.3,300.8,64.9,"11,566.583",318,27.32,61.87,1.168,0.371,1.539,0.303,-0.051,0.118,4.03,2.97,4.44,62.1,15.04,17.89,4.1,74.85,57.04,"33' 1""","41' 6""",22.73,60,"7' 8""",12,16.67,32.65,91.88,70.2
"24",2022,"Maverick McNealy","24",2,NA,70.28,53,26.12,57.31,304.7,68.33,"26,422.500",700,28.42,56.14,0.354,0.655,1.008,0.317,0.418,-0.081,4,3.01,4.49,63.83,12.38,17.56,9.6,79.8,53.56,"31' 6""","46' 9""",29.36,45.24,"7' 11""",7.83,17.65,24.24,89.2,70.08
"25",2022,"Jhonattan Vegas","25",1,NA,70.371,47,29.82,58.2,317.7,69.15,"23,007.500",587,29.13,59,-0.01,0.752,0.743,0.314,0.611,-0.174,3.99,3.09,4.53,64.08,13.78,15.33,6.4,78.99,57.41,"33' 0""","46' 6""",20.39,48.53,"9' 0""",4.35,12.93,33.33,87.75,70.4
"26",2022,"Max Homa","26",2,1,70.581,39,25,60.32,305.1,68.67,"22,580.750",606,28.83,58.62,0.255,0.871,1.126,0.433,0.421,0.017,4.01,3.01,4.42,64.21,11.97,16.81,6.7,80.26,56.5,"30' 10""","46' 1""",32.38,42.55,"7' 8""",4.35,20.79,27.27,88.38,69.88
"27",2022,"Chris Kirk","T27",2,NA,70.494,46,24.32,63.54,298.7,67.75,"21,982.917",589,28.85,63.3,0.026,1.245,1.271,0.375,0.378,0.492,3.99,3,4.58,63.01,13.88,11.28,6.1,79.06,52.36,"31' 10""","43' 8""",34.48,57.33,"7' 8""",7.1,16.98,26.74,87.75,70.11
"28",2022,"Will Zalatoris","T27",3,NA,70.433,41,23.38,51.6,310.4,72.07,"17,861.583",486,29.17,62.43,-0.3,1.767,1.467,1.048,0.631,0.089,4.02,2.93,4.55,64.82,13.37,25.13,5.9,82.56,62.4,"29' 9""","47' 3""",18.75,50.98,"7' 6""",4.42,14.29,24.62,86.58,71
"29",2022,"Adam Scott","29",3,NA,70.239,34,30.43,53.13,310.2,67.59,"19,281.917",514,28.57,60.57,0.602,0.265,0.867,0.374,0.111,-0.221,3.98,3.04,4.54,64.66,15.25,18.5,7.5,81.9,56.41,"30' 4""","50' 8""",28.4,56.25,"8' 4""",5.93,16.38,36.99,89.25,70
"30",2022,"Luke List","30",3,1,70.33,47,22.94,53.62,316.9,72.1,"22,913.833",606,29.5,60.63,-0.827,1.699,0.872,0.576,0.67,0.453,3.97,3.07,4.52,66.01,19.23,15.81,7.5,80.06,62.77,"31' 7""","43' 8""",22.02,52.31,"6' 11""",5.37,13.73,30.7,84.98,68.89
"31",2022,"Charles Howell III","31",1,NA,70.394,34,25.93,58.82,302.9,70.26,"18,765.500",480,28.82,63.19,-0.141,0.792,0.651,0.038,0.301,0.453,3.97,3.03,4.6,65.45,12.5,15.43,8.5,80,61.73,"33' 0""","48' 2""",16.18,64.15,"7' 5""",4,17,32,86.3,70.71
"32",2022,"Davis Riley","32",2,NA,70.67,48,23.2,63.2,304.4,67.48,"23,013.500",640,28.5,59.79,0.011,0.199,0.21,-0.069,0.268,0,3.99,3.01,4.66,63.66,14.23,14.02,4.3,77.33,54.51,"31' 2""","45' 0""",22.47,50,"7' 9""",5.23,23.44,31.82,86.3,71.78
"33",2022,"Kevin Kisner","33",4,NA,71.214,40,16.88,69.41,289.4,70.54,"19,962.250",535,28.79,61.14,0.774,-0.114,0.66,-0.233,-0.173,0.292,3.96,3.02,4.57,61.63,9.05,11.19,6.4,79.69,52.48,"32' 8""","51' 4""",21.21,50,"7' 0""",8.33,20.65,37.97,89.69,67.5
"34",2022,"Jason Kokrak","T34",1,1,71.132,35,18.06,61.21,304.4,67.53,"22,360.167",570,28.5,62.03,0.424,-0.182,0.243,0.16,-0.184,-0.158,4.06,2.93,4.5,63.25,13.26,14.38,4.9,74.36,53.18,"34' 0""","50' 3""",24.74,66.67,"7' 11""",5.63,16.98,24.72,90.43,70.29
"35",2022,"Hudson Swafford","T34",1,1,71.444,50,28.08,61.21,307.9,68.67,"25,050.083",679,29.4,54.26,-0.149,-0.102,-0.251,0.441,0.141,-0.684,4.03,3.07,4.55,63.96,12.45,14.94,5.4,78.64,53.33,"31' 10""","45' 6""",36.19,54.29,"8' 10""",7.82,17.81,33.62,86.5,69.22
"36",2022,"Justin Rose","36",1,NA,71.066,31,20,64.45,298,68.65,"10,838.000",321,28.11,65.82,0.292,-0.271,0.021,-0.223,0.167,-0.216,3.93,3.03,4.7,62.15,8.76,12.35,8,75,58.99,"29' 11""","43' 2""",17.95,47.62,"7' 6""",9.72,8.47,25,89.3,69.67
"37",2022,"Cameron Young","37",2,NA,70.125,43,30.1,58.21,319.6,65.56,"22,946.667",639,28.08,63.71,0.332,0.7,1.032,-0.063,0.776,-0.013,3.94,3.06,4.58,67.05,15.29,14.08,6.8,76.38,55.13,"31' 5""","44' 3""",33,44.44,"7' 4""",6.71,20.34,35.11,87.54,69.88
"38",2022,"Jason Day","38",1,NA,71.189,28,30.26,59.74,299.5,66.27,"15,340.667",389,28.54,60.59,0.176,-0.408,-0.231,-0.22,-0.254,0.066,3.98,3.08,4.63,61.91,12.42,14.77,10.1,79.13,50.97,"35' 0""","47' 8""",20,55.32,"7' 9""",8.91,13.7,28.57,87.07,70.2
"39",2022,"Adam Hadwin","39",4,NA,70.546,50,16.83,66.04,295,71.11,"22,208.417",646,28.94,65.38,0.292,0.925,1.216,0.612,-0.033,0.346,3.98,2.98,4.56,62.73,10.28,13.31,6.5,78.65,56.78,"30' 4""","44' 2""",25.88,67.27,"5' 9""",5.96,15.44,35.71,88.85,69.64
"40",2022,"Mackenzie Hughes","40",2,NA,70.05,39,24.42,59.84,296.2,67.28,"19,959.000",500,28.22,64.15,0.73,0.021,0.751,-0.016,-0.241,0.278,3.96,3.02,4.62,62.11,16.45,14.1,5.7,77.97,53.54,"31' 11""","56' 4""",13.24,61.82,"7' 5""",7.56,18.09,32.91,90,68.86
"41",2022,"Shane Lowry","41",1,NA,69.844,23,17.65,58.03,299.9,70.28,"10,440.333",320,28.65,69.16,0.569,0.916,1.485,0.66,0.27,-0.015,3.97,2.94,4.62,61.3,12.3,18.03,8.2,77.36,61.74,"26' 10""","47' 2""",29.03,68,"6' 8""",6.02,17.46,33.33,89.47,67.75
"42",2022,"Corey Conners","42",1,NA,70.484,46,23.46,64.1,301.4,73.36,"22,129.500",623,29.69,60.96,0.02,1.113,1.133,0.381,0.704,0.028,3.94,3.03,4.62,64.53,13.93,10.86,7,80.86,61.73,"31' 2""","39' 6""",26.53,50,"8' 1""",4.92,14.17,34.02,88.23,69
"43",2022,"Matt Fitzpatrick","43",4,NA,69.728,29,33.33,62.95,292.2,67.74,"10,714.167",287,28.54,69.54,0.539,1.514,2.053,0.635,0.409,0.47,4,3.04,4.41,62.06,13.24,12.33,7.3,77.88,54.89,"33' 3""","40' 9""",31.11,61.76,"6' 0""",4.11,15.38,35.9,89.97,70.17
"44",2022,"Kevin Na","44",1,NA,72.401,22,21.28,64.45,289.4,68.52,"11,076.333",321,28.78,59.8,-0.057,-0.677,-0.734,-0.001,-0.571,-0.107,4.01,3.03,4.5,61.26,12.89,14.45,6.3,78.79,48.35,"28' 7""","51' 4""",30.23,68,"7' 2""",4.29,13.56,27.45,88.46,68.33
"45",2022,"Dustin Johnson","45",2,NA,70.937,25,26.67,54.84,310.4,66.36,"9,945.083",302,27.94,62.39,0.128,0.678,0.806,0.456,0.5,-0.278,3.99,3.04,4.51,63.6,14.72,12.55,8.2,75.74,58.04,"27' 9""","41' 6""",23.4,39.13,"6' 0""",4.76,20.75,25.93,89.18,68
"46",2022,"Abraham Ancer","46",2,NA,71.417,39,28.36,67.99,295.1,68.3,"18,760.167",496,28.29,64.95,0.017,-0.257,-0.24,-0.063,0.229,-0.423,3.97,2.97,4.57,63.26,7.61,15.74,5.6,76,51.63,"32' 10""","46' 1""",21.11,48,"7' 2""",4.27,13.83,28.57,88.59,70.43
"47",2022,"Si Woo Kim","47",1,NA,71.147,54,28.1,61.76,305.5,67.97,"29,669.167",784,28.49,63.61,-0.19,0.442,0.251,-0.106,0.483,0.064,4.01,3,4.49,64.12,10.55,18.18,6,79.82,53.11,"33' 4""","44' 0""",21.17,47.42,"7' 10""",3.17,18.25,28.33,87.16,70.5
"48",2022,"Matt Jones","48",2,NA,70.924,47,22.58,53.12,306.5,66.43,"25,332.500",657,28.51,60.56,-0.137,0.74,0.603,0.027,0.156,0.557,3.98,3.1,4.52,64.76,15.53,17.48,7.8,79.94,55.19,"31' 7""","46' 8""",17.39,50.57,"7' 2""",4.79,16.13,27.45,88.18,68.5
"49",2022,"Matt Kuchar","49",2,NA,70.326,39,23.61,64.14,288.4,65.38,"21,969.750",573,27.54,72.02,0.609,0.235,0.843,-0.138,-0.229,0.602,3.94,2.99,4.62,61.76,11.29,16.93,6.3,75.22,50.52,"32' 8""","47' 7""",14.71,63.77,"6' 5""",3.65,14.85,35.8,90.02,69.5
"50",2022,"Cameron Tringale","50",3,NA,70.958,51,27.27,58.42,301.3,70.49,"24,587.167",661,29,60,0.072,0.327,0.399,0.354,-0.233,0.206,4,2.99,4.62,62.27,13.95,18.27,6.3,82.08,56.57,"31' 7""","46' 6""",22.92,41.43,"7' 10""",5.35,15.7,34.04,88.39,69.89
"51",2022,"Aaron Wise","51",2,NA,70.556,40,17.39,57.94,303.3,70,"22,614.167",624,28.93,62.96,-0.26,0.901,0.641,0.421,0.405,0.075,4.01,2.96,4.57,63.7,12.79,16.77,6.3,81.31,54.94,"30' 7""","42' 1""",21.11,44.23,"7' 0""",1.28,14.84,33.68,87.64,69.88
"52",2022,"Tom Hoge","52",3,1,70.092,59,17.39,61.16,297.2,68.06,"25,743.917",746,28.34,69.25,-0.103,1.18,1.077,0.871,0.156,0.152,3.98,2.93,4.58,62.65,9.97,19.59,5.5,76.79,54.49,"29' 0""","46' 5""",30.1,47.06,"6' 10""",5.77,14.57,26.67,87.26,70.42
"53",2022,"Stewart Cink","53",1,NA,71.846,33,17.65,58.82,305.4,70.71,"19,146.083",534,29.36,53.45,-0.003,-0.695,-0.697,-0.086,-0.197,-0.412,4.02,3.08,4.57,63.82,16.14,13.73,6.3,80,56.61,"29' 10""","45' 3""",23.88,55,"8' 7""",6.38,10.09,32.94,87.93,70
"54",2022,"Matthias Schwab","54",3,NA,70.227,36,17.07,61.17,289.9,69.14,"13,713.667",377,28.92,63,0.564,0.579,1.144,0.402,-0.29,0.468,3.97,3.09,4.6,61.56,14.58,11.46,5.9,81.25,57.51,"33' 7""","42' 8""",6.9,60.42,"6' 10""",3.45,19.48,37.93,88.83,69.88
"55",2022,"Alex Smalley","T55",1,NA,70.972,53,23.08,61.77,304.6,69.08,"25,197.750",697,29.36,60.68,-0.234,0.053,-0.182,-0.092,0.272,-0.128,4.02,3.04,4.63,63,15.58,16.7,5.6,75.99,58.01,"31' 5""","44' 11""",18.52,52.78,"7' 11""",4.24,18.12,24.53,86.87,70.2
"56",2022,"Gary Woodland","T55",4,NA,70.509,37,20.24,51.17,312.7,67.57,"20,262.917",570,28.86,64.35,0.334,0.704,1.038,0.508,0.113,0.082,4.01,3.04,4.54,63.23,17.89,18.58,6.4,80.53,55.6,"30' 5""","45' 6""",35.37,53.85,"6' 6""",6.33,13.76,35.14,88.49,69.5
"57",2022,"Chad Ramey","57",2,1,71.288,46,23.31,64.16,287.9,68.48,"17,544.167",503,28.93,55.94,-0.209,-0.26,-0.469,0.346,-0.406,-0.199,4.02,3.05,4.57,61.47,13.54,18.23,6,80.73,52.84,"30' 6""","44' 1""",26.42,50,"7' 3""",9.6,16.25,23.26,86.45,70.71
"58",2022,"Tyler Duncan","58",NA,NA,70.995,41,23.96,69.73,293.4,67.89,"14,378.333",428,28.8,62.03,-0.275,0.599,0.324,0.138,0.249,0.212,4.01,2.94,4.69,61.82,10.12,10.12,4.6,76.4,50.29,"30' 7""","41' 11""",20.83,50,"7' 3""",4.5,13.58,32.79,87.44,69.43
"59",2022,"Sebastián Muñoz","T59",2,NA,71.231,46,20.16,61.41,300.1,66.8,"23,021.583",624,29.33,58.37,-0.449,0.448,-0.001,0.065,0.289,0.093,4.03,3.04,4.61,63.04,11.09,17.45,7.4,78.42,53.48,"31' 3""","47' 6""",34.04,55.88,"7' 1""",3.75,23.48,21.11,85.44,71
"60",2022,"Taylor Pendrith","T59",1,NA,70.855,51,24.81,55.7,314.1,69.72,"26,253.083",694,29.65,59.35,-0.08,0.307,0.227,-0.147,0.466,-0.012,4.02,3.01,4.63,65.82,14.81,17.04,8.1,81.82,58.41,"32' 3""","48' 7""",21.21,52.56,"8' 0""",6.04,13.04,35.56,87.09,71.2
"61",2022,"Tommy Fleetwood","61",1,NA,70.088,25,15.09,56.67,298.6,62.88,"12,345.083",320,28.18,63.95,0.461,0.602,1.063,-0.211,0.203,0.609,4.05,3.01,4.49,61.57,13.82,14.23,6.9,75.88,47.69,"33' 0""","50' 0""",22.45,57.14,"6' 10""",7.14,13.56,26.67,90.12,71.2
"62",2022,"Patton Kizzire","62",1,NA,71.112,50,28.1,53.3,302.6,68.33,"28,464.500",752,28.92,62.11,0.042,0.25,0.292,0.41,-0.047,-0.114,4.01,3.02,4.58,63.28,15.12,20.1,6.9,79.51,57.85,"32' 0""","46' 11""",26.61,53.97,"7' 9""",6.07,15.75,29.36,88.43,70.6
"63",2022,"Brian Harman","63",2,NA,70.708,44,21.35,66.55,290.9,69.38,"21,265.833",603,29.17,64.6,0.26,-0.013,0.247,-0.11,0.071,0.026,3.94,3.1,4.63,62.03,12.42,12.85,6.6,76.86,65.61,"32' 5""","41' 1""",35.94,55.38,"6' 7""",2.84,9.9,36.26,89.82,70
"64",2022,"Brooks Koepka","64",2,NA,71.275,39,21.59,53.59,309.9,66.01,"20,760.750",555,28.71,62.02,0.134,0.032,0.166,-0.004,0.197,-0.161,3.99,3.06,4.58,65.37,14.05,17.33,6.8,81.89,52.73,"32' 0""","41' 2""",26.73,50,"6' 11""",5.93,18.18,36.59,87.43,68.83
"65",2022,"Keegan Bradley","65",3,NA,70.616,49,18.8,56.9,307.3,66.06,"22,355.750",646,28.57,61.21,-0.187,1.253,1.067,0.523,0.423,0.307,4,3,4.58,63.71,12.4,16.4,6.4,79.34,52,"28' 10""","45' 1""",28.09,42.65,"7' 3""",4.23,15.25,28.71,87.92,69.2
"66",2022,"J.J. Spaun","66",2,1,70.614,60,23.08,64.38,292.2,67.96,"30,255.333",819,28.87,59.83,0.185,0.323,0.508,0.111,0.204,0.008,4,3.02,4.59,61.65,10.08,17.01,6.5,78.88,48.99,"33' 4""","44' 6""",21.88,45.98,"7' 8""",6.64,15.48,32.8,88.93,70.38
"67",2022,"Joel Dahmen","67",2,NA,70.923,49,20.49,67.99,294,71.2,"24,973.083",713,29.55,57.09,-0.048,0.233,0.185,0.32,0.228,-0.315,3.98,3.01,4.57,62.67,12.82,9.93,4.5,79.7,58.26,"32' 7""","40' 8""",28.28,41.56,"7' 6""",5.91,14.58,28.57,88.42,70.09
"68",2022,"Danny Lee","68",2,NA,71.164,32,23.47,52.48,296.8,63.72,"14,421.583",358,28.22,56.46,-0.248,-0.535,-0.783,-0.132,0.026,-0.43,4.04,3.1,4.52,62.72,16.06,17.88,8,72.96,56.87,"32' 10""","48' 8""",26.79,50,"8' 11""",3.37,7.81,29.09,87.57,70.8
"69",2022,"Carlos Ortiz","69",1,NA,71.537,37,20.41,56.81,304.4,66.97,"18,879.333",500,28.54,58.64,-0.083,-0.332,-0.415,0.3,-0.024,-0.608,4.01,3.01,4.63,63.88,13.14,15.72,8.8,78.42,53.6,"30' 10""","46' 10""",19.51,43.75,"8' 8""",7.32,16,19.23,88.76,69.33
"70",2022,"Cam Davis","70",1,NA,71.755,36,36.27,55.14,302.8,66.67,"24,123.167",608,28.86,58.33,-0.064,-0.171,-0.235,-0.007,-0.054,-0.111,4.02,2.99,4.59,64.54,12,17.05,9.7,82.08,51.1,"31' 4""","51' 4""",32.35,54.1,"8' 9""",4.64,17.8,28.28,88.55,68.83
"71",2022,"Cameron Percy","71",2,NA,71.38,21,28.36,59.79,287.7,65.87,"5,385.750",161,28.48,55.04,-0.093,-0.943,-1.036,-0.199,-0.312,-0.432,4.03,3.15,4.46,62.69,17.21,16.39,9,78.74,55.56,"31' 10""","34' 6""",11.11,52.38,"6' 4""",12.5,9.38,33.33,88.55,69
"72",2022,"Jordan Spieth","72",1,NA,71.475,31,28.57,55.95,309.2,70.44,"16,463.000",448,29.18,65.77,-0.397,0.684,0.287,0.322,0.273,0.088,3.98,3.06,4.5,64.88,16.29,12,8,80.09,60.34,"29' 9""","43' 1""",25.93,40,"7' 2""",3.64,10.96,30,87.32,69
"73",2022,"Martin Laird","73",NA,NA,70.754,36,19.75,66.2,301.7,69.14,"20,311.750",554,29.25,65,-0.46,0.994,0.533,0.547,0.263,0.183,4.04,2.98,4.58,61.84,9.53,12.56,7.9,72.51,59.17,"32' 1""","40' 3""",18.42,48.94,"6' 11""",4.83,18.45,27.16,86.08,70.71
"74",2022,"Denny McCarthy","74",2,NA,70.26,58,22.58,65.01,291.6,67.15,"29,756.833",806,28.52,67.35,0.594,0.09,0.685,-0.139,0.019,0.211,3.97,3,4.65,61.34,12.58,12.9,5.8,78.16,52.31,"32' 9""","48' 4""",24.68,48.28,"7' 1""",8.56,21.62,28.57,89.44,69.77
"75",2022,"Paul Casey","75",1,NA,70.866,21,30.95,56.35,303.7,67.59,"11,668.500",323,28.67,65.71,0.096,0.705,0.801,0.893,-0.2,0.011,4.02,2.97,4.58,62.95,14.34,18.33,5.2,82.39,49.09,"30' 6""","45' 5""",22.22,40,"7' 6""",14.29,19.05,20.41,87.13,72.75
"76",2022,"Hayden Buckley","76",2,NA,71.535,49,27.13,67.94,297.8,69.61,"22,512.583",619,29.73,55.22,-0.355,0.304,-0.051,0.117,0.556,-0.369,4.01,3.12,4.65,63.08,8.83,15.2,5.5,77.59,57.99,"31' 8""","46' 11""",23.91,48.61,"8' 6""",5.84,19.72,22.64,87.27,69.5
"77",2022,"Erik van Rooyen","77",NA,NA,71.383,35,21.35,61.04,298.6,69.27,"17,432.917",499,29.38,52.54,-0.346,0.196,-0.15,0.581,0.034,-0.419,4.06,3.01,4.49,63.07,12.53,12.79,4.9,81.92,52.02,"28' 6""","49' 7""",28.77,40.54,"8' 3""",3.74,17.5,29.63,87.62,70.14
"78",2022,"Nate Lashley","T78",1,NA,70.876,49,23.48,62.3,295.2,67.8,"21,605.083",607,28.45,63.38,0.193,0.199,0.392,0.088,0.035,0.076,3.96,3.03,4.66,62.97,13.95,15.88,6,76.6,56.64,"30' 3""","46' 7""",13.85,43.33,"7' 7""",7.09,14.85,32.76,88.4,69.11
"79",2022,"Harold Varner III","T78",1,NA,71.103,34,23.88,53.38,300.4,65.77,"17,176.417",481,27.61,66.49,0.06,0.398,0.458,0.109,-0.106,0.395,3.98,2.97,4.58,63.21,18.16,14.63,7,78.6,53.5,"30' 2""","45' 6""",23.68,50,"6' 0""",4.12,21.95,28,87.32,70.5
"80",2022,"Mito Pereira","80",1,NA,70.413,53,19.44,58.94,302.1,70.86,"27,750.417",771,29.23,66.19,0.102,0.958,1.06,0.619,0.361,-0.022,3.95,3.08,4.65,63.29,17.74,11.66,5.9,81.25,60.8,"30' 11""","42' 4""",15.38,50.67,"8' 1""",2.93,13.25,36.21,88.92,69.73
"81",2022,"Aaron Rai","81",1,NA,70.91,51,25.19,66.01,292.9,68.3,"22,483.833",625,29.24,61.17,-0.209,0.4,0.191,0.356,0.106,-0.063,4.02,3.05,4.59,61.55,14.32,13.28,3.5,77.14,60.17,"31' 9""","46' 1""",29.69,50.67,"7' 5""",2.74,13.49,28.13,87.41,71.56
"82",2022,"Wyndham Clark","82",NA,NA,71.255,47,20.16,51.31,317.1,64.78,"23,322.250",583,28.45,61.07,0.362,-0.597,-0.235,-0.431,0.012,-0.178,4.02,3.01,4.7,65.66,16.48,15.81,5.3,79.22,51.43,"33' 4""","46' 8""",19.54,55.22,"7' 9""",5.92,20.18,30.23,89.24,71.56
"83",2022,"K.H. Lee","83",NA,NA,71.189,48,18.33,61.76,300,67.13,"29,432.500",750,29.02,63.03,-0.101,0.169,0.068,-0.17,0.32,0.02,4.01,3.04,4.59,64.08,12.39,13.41,5.9,76.63,52.92,"33' 11""","47' 11""",24.19,50,"7' 5""",4.39,14.84,30.77,87.79,70.27
"84",2022,"Kramer Hickok","84",1,NA,70.805,49,26.56,62.76,291.4,66.21,"22,083.583",571,28.82,60.07,0.279,-0.139,0.139,0.024,0.119,-0.282,4.02,3.05,4.64,61.79,11.64,16.44,5.7,78.96,49.8,"33' 7""","44' 5""",22.54,59.38,"8' 3""",7.14,18.27,26.8,88.89,70.5
"85",2022,"Matthew Wolff","85",2,NA,71.134,34,20.45,52.33,317.3,65.77,"17,316.750",423,28.68,54.97,0.464,-0.587,-0.122,-0.573,-0.182,0.168,4.02,3.07,4.66,65.27,11.28,25.3,6.1,78.22,50.24,"33' 3""","51' 7""",25.81,42.86,"7' 2""",5.22,22.86,29.69,88.97,70.5
"86",2022,"Scott Stallings","86",2,NA,70.775,52,23.02,53.55,300.5,63.78,"26,961.500",718,28.27,64.31,0.509,-0.05,0.46,-0.202,-0.052,0.204,4,3.02,4.66,62.94,14.73,20.26,6.1,75.58,52.4,"33' 1""","42' 0""",20.73,58.33,"7' 0""",7.18,16.07,36.63,88.78,70.44
"87",2022,"Beau Hossler","T87",2,NA,70.76,34,29.89,48.21,307.8,65.69,"20,958.917",514,28.32,60.95,0.856,-0.188,0.668,-0.271,-0.179,0.262,4.05,3.05,4.57,64.22,21.36,14.57,6.8,79.04,59.35,"34' 9""","45' 9""",15.29,50.6,"7' 7""",7.19,23.66,28.36,89.08,72.83
"88",2022,"John Huh","T87",1,NA,71.302,39,18.27,66.11,290.2,65.95,"17,011.667",465,28.54,59.83,0.104,-0.236,-0.131,0.065,-0.097,-0.203,4.01,3.09,4.63,61.05,12.32,16.25,6.4,77.31,50.27,"30' 4""","46' 5""",10.64,52.46,"8' 6""",8.6,15,33.73,87.69,70.29
"89",2022,"Seth Reeves","T87",1,NA,72.008,39,22.22,60.59,304.1,67.81,"14,012.500",375,29.31,50.88,-0.055,-0.582,-0.637,-0.425,0.541,-0.699,4.06,3.12,4.57,65.03,14.43,14.09,4.5,74.77,62.62,"32' 3""","44' 7""",18.87,37.33,"10' 2""",5.94,17.57,35.94,86.01,70.6
"90",2022,"Sung Kang","90",NA,NA,71.767,54,24.84,60.83,293.5,67.9,"26,059.583",640,29.04,57.69,0.334,-0.948,-0.614,-0.453,-0.325,-0.17,4.04,3.05,4.62,62.5,11.92,16.97,5.7,77.14,53.58,"35' 1""","50' 2""",14.89,58.42,"8' 5""",5.59,20.17,46.67,85.82,69.67
"91",2022,"Lucas Glover","91",1,NA,71.662,47,21.31,66.41,296.2,71.75,"27,023.417",748,29.83,53.14,-0.545,0.354,-0.191,0.389,0.187,-0.222,4.02,3.02,4.6,62.86,10.51,12.71,8,83.83,55.41,"30' 10""","46' 11""",27.93,41.27,"8' 5""",3.76,14.38,29.57,86.58,71.1
"92",2022,"Michael Thompson","92",1,NA,71.242,48,15.52,64.92,285.3,63.77,"24,939.500",672,28.21,66.13,0.147,-0.407,-0.26,-0.373,-0.19,0.156,3.99,3.04,4.68,61.1,11.81,14.67,7,72.29,50.85,"32' 3""","47' 10""",23.75,63.29,"7' 6""",6.36,17.24,32.67,87.91,69.67
"93",2022,"Christiaan Bezuidenhout","93",NA,NA,70.575,43,18.39,64.92,284.6,65.56,"16,507.833",482,28.43,68.15,-0.004,0.614,0.61,0.136,0.227,0.251,3.99,3.05,4.64,60.11,11.86,15.63,5.4,77.99,49.48,"30' 6""","44' 9""",23.26,71.19,"6' 8""",4.42,13.27,29.03,88.1,70.33
"94",2022,"Alex Noren","94",2,NA,70.443,44,29.63,55.65,296.6,66.94,"19,586.167",519,28.44,68.44,0.416,0.43,0.846,0.287,-0.006,0.148,4,2.96,4.57,62.15,11.59,17.88,10.1,76.19,52.19,"33' 1""","45' 0""",23.19,57.63,"6' 6""",8.7,15.84,38.57,88.15,69.89
"95",2022,"Adam Long","95",NA,NA,70.867,53,28.79,62.57,290.9,64.57,"28,474.750",734,28.3,63.61,0.555,-0.245,0.31,-0.221,-0.029,0.006,4.01,3.01,4.66,61.27,14.99,14.29,4.9,75.76,48.91,"33' 6""","50' 0""",10.39,53.85,"7' 11""",7.39,18.3,36.27,89.06,70.3
"96",2022,"Vince Whaley","96",1,NA,71.055,53,26.92,51.29,298.8,63.52,"25,216.750",626,28.38,56.61,0.33,-0.69,-0.36,-0.445,-0.043,-0.202,4.05,3,4.57,63.72,19.75,15.5,7.2,75.07,52.51,"32' 5""","51' 3""",18.75,49.4,"9' 3""",5.63,14.53,34.21,88.43,71.1
"97",2022,"Troy Merritt","97",2,NA,70.534,47,21.24,59.63,292.9,63.48,"21,911.583",609,27.91,66.67,0.395,0.187,0.582,0.281,0.02,-0.114,4.02,3,4.58,62.3,11.94,17.48,7.9,72.09,50.38,"31' 5""","42' 1""",28.38,44,"7' 9""",10.07,15.25,27,89.77,71.4
"98",2022,"Emiliano Grillo","T98",NA,NA,71.935,42,19.82,65.98,304,67.2,"19,304.583",535,29.38,57.26,-0.248,-0.033,-0.28,-0.159,0.387,-0.262,4.05,3.05,4.6,63.5,10.6,10.84,8.4,77.34,51.52,"30' 8""","47' 8""",27.38,40.63,"8' 1""",6.98,15.79,31.33,86.78,69.83
"99",2022,"Brandon Wu","T98",1,NA,71.393,36,22.68,60.52,287.1,67.59,"11,490.750",319,29.06,57.14,0.185,-0.928,-0.743,-0.033,-0.391,-0.505,4.02,3.09,4.59,61.76,16.6,13.77,6.5,78.48,56.85,"31' 10""","41' 9""",9.68,55.32,"7' 8""",5.56,9.68,38.1,89.73,70.5
"100",2022,"C.T. Pan","100",2,NA,70.943,45,16.22,59.19,296.6,67.65,"22,630.750",607,29.18,61.83,-0.008,0.449,0.441,0.2,-0.067,0.315,4.04,3.01,4.62,61.85,13.43,18.55,7,78.47,52.96,"31' 4""","47' 11""",16.44,63.33,"7' 1""",4.67,13.27,31.91,88.54,70.56
"101",2022,"David Lipsky","101",1,NA,71.347,48,16.06,63.91,292.6,67.59,"22,212.250",607,29.21,54.29,-0.127,-0.04,-0.167,0.13,-0.169,-0.001,4.05,3.01,4.71,61.3,13.01,16.42,5.8,76.71,55.42,"33' 0""","44' 4""",12.31,44.05,"8' 0""",4.96,17.27,27.17,87.34,71.38
"102",2022,"Russell Knox","102",2,NA,70.599,57,26.05,67.13,293.9,73.59,"28,036.083",826,30.05,59.41,-0.572,0.935,0.363,0.627,0.252,0.056,4,2.98,4.58,62.34,10.97,13.17,6.9,81.73,58.46,"29' 10""","42' 3""",18.18,36.14,"7' 1""",4.46,12.31,23.73,87.76,70.83
"103",2022,"Vaughn Taylor","103",1,NA,70.967,30,20.25,67.39,281.8,66.11,"9,605.583",304,28.93,63.39,-0.513,0.45,-0.064,0.112,-0.003,0.341,4.01,3.06,4.62,61.36,14.47,11.91,6.4,75.09,55.88,"28' 11""","38' 8""",25,59.18,"6' 4""",6.45,16.92,23.08,87.26,69.17
"104",2022,"Rickie Fowler","104",1,NA,71.293,35,25.53,55.97,313.5,65.08,"16,745.917",426,28.77,56.82,-0.432,0.409,-0.023,0.109,0.096,0.203,4.05,3.02,4.63,64.29,12.57,18.56,6.9,78.31,44.86,"30' 5""","49' 8""",24.32,44.44,"7' 5""",5.61,10.26,28.33,87.39,71.5
"105",2022,"Sam Ryder","105",2,NA,71.286,54,20.69,57.35,293.9,63.68,"29,914.167",780,28.5,54.96,0.155,-0.292,-0.137,-0.123,-0.235,0.066,4.09,3.04,4.54,61.64,12.11,19.31,7.7,77.16,47.02,"32' 4""","48' 6""",19.42,42.22,"7' 7""",7.41,17.2,36.13,87.61,70.4
"106",2022,"Kevin Chappell","106",NA,NA,72.016,35,20,48.67,311.6,68.73,"14,877.500",426,29.26,54.82,-0.143,-0.728,-0.87,-0.198,-0.339,-0.191,4.04,3.03,4.63,64.77,11.66,19.02,10.7,77.73,61.75,"28' 7""","38' 7""",19.61,50,"6' 7""",4.55,20.88,31.67,86.94,70
"107",2022,"Trey Mullinax","107",1,NA,71.537,42,20.83,55.23,315.6,64.95,"20,662.083",537,28.98,58.87,-0.33,0.182,-0.148,-0.345,0.548,-0.021,4.04,3.1,4.54,65.74,18.89,15.5,5.3,80.12,52.49,"32' 0""","44' 5""",24.1,57.38,"7' 7""",4.96,17.17,20.25,87.94,69.17
"108",2022,"Lanto Griffin","108",3,NA,70.859,50,21.21,54.43,301.1,65.44,"27,375.667",718,28.58,61.09,0.097,0.158,0.255,0.361,-0.04,-0.163,4,3.07,4.66,62.54,14.39,20.22,7.5,77.87,53.18,"32' 9""","45' 9""",20.43,47.67,"7' 8""",6.21,17.04,32.76,87.62,70
"109",2022,"Andrew Putnam","109",1,NA,70.925,52,19.84,60.11,284.8,66.77,"25,947.333",692,28.83,64.31,0.221,-0.034,0.187,0.234,-0.382,0.114,4,3.05,4.63,60.63,10.24,20.48,6,77.03,54.2,"33' 4""","43' 10""",23.46,50.79,"6' 11""",3.93,19.84,30.48,88.27,70.3
"110",2022,"Mark Hubbard","110",NA,NA,70.465,30,22.22,59.9,280.9,66.67,"11,364.583",305,28.43,68.33,0.253,0.357,0.61,0.328,-0.278,0.306,4,3,4.55,61.96,13.19,17.45,5.5,78.49,55.36,"33' 0""","45' 7""",21.05,54.39,"6' 6""",8.86,17.39,25.53,88.5,70
"111",2022,"Doug Ghim","111",1,NA,71.351,46,21.43,61.72,293.7,67.03,"21,455.333",606,29.2,61.54,-0.429,0.329,-0.1,0.383,-0.145,0.091,4.05,3.05,4.56,62.55,12.5,11.02,8.7,77.97,52.24,"30' 3""","47' 10""",27.4,56.67,"7' 2""",4.96,8,26.21,88.61,70.33
"112",2022,"Sahith Theegala","112",3,NA,71.093,59,20.83,53,301.3,66.2,"31,237.000",804,28.83,63.51,-0.111,0.361,0.25,0.112,0.049,0.2,4.03,3.04,4.54,63.43,15.03,19.77,7.7,76.91,55.47,"32' 1""","48' 4""",24.22,45.45,"8' 2""",6.53,16.56,29.37,87.91,72.5
"113",2022,"Ryan Palmer","113",NA,NA,71.033,37,17.59,53.63,306.4,69.52,"16,724.750",460,30.22,54.68,-0.697,0.739,0.042,0.21,0.437,0.092,4.04,3.09,4.67,63.78,16.48,14.53,7,78.39,59.32,"30' 11""","44' 5""",27.59,53.7,"8' 11""",3.33,17.71,22.67,86.15,70.43
"114",2022,"Sepp Straka","114",2,1,71.08,55,19.71,58.73,300.1,68.38,"22,880.500",637,29.31,59.8,0.295,-0.218,0.077,-0.097,0.058,-0.18,4.04,3.05,4.62,63.22,11.45,16.27,7,80.19,53.69,"31' 2""","46' 0""",25.61,52.94,"7' 4""",6.99,18.64,30,88.26,69.3
"115",2022,"Luke Donald","T115",NA,NA,71.025,33,27.27,58.42,284.5,67.51,"12,093.917",360,28.67,65.28,-0.021,0.156,0.135,0.947,-0.866,0.074,3.99,2.96,4.77,61.26,14.23,11.68,9.5,76.4,54.21,"28' 7""","44' 1""",12,59.18,"6' 10""",7.89,20.27,32.76,86.34,71.6
"116",2022,"Brendan Steele","T115",1,NA,71.074,45,19.27,58.95,309.1,68.4,"21,894.667",609,29.47,64.06,-0.467,0.481,0.014,-0.171,0.752,-0.101,4.01,3.11,4.58,64.61,13.83,14.04,5.1,78.32,56.03,"33' 3""","41' 8""",26.67,48.05,"7' 8""",3.14,12.2,23.23,89.49,70
"117",2022,"Matthew NeSmith","T117",1,NA,70.878,52,23.53,63.08,297.1,69.23,"26,847.167",714,29.62,59.38,-0.23,0.491,0.261,0.441,0.131,-0.081,4.04,3.05,4.63,62.28,13.09,14.91,3.1,78.05,51.89,"32' 4""","48' 3""",15.22,36.49,"7' 11""",4.35,13.39,29.6,87.8,70
"118",2022,"Robert Streb","T117",3,NA,71.109,45,12.93,61,299,64.57,"26,229.167",661,28.62,64.11,0.117,-0.138,-0.021,-0.105,-0.122,0.089,4.06,3.05,4.55,62.6,16.04,10.1,7.7,75.33,48.96,"34' 10""","44' 2""",17.44,50,"8' 8""",1.78,20.49,27.78,88.63,70.14
"119",2022,"Lucas Herbert","119",2,1,71.808,29,30.88,53.53,299.9,58.76,"14,111.917",350,27.5,64.25,0.82,-1.427,-0.607,-1.114,-0.573,0.261,4.04,3.1,4.62,64.14,8.39,17.15,6.9,74.62,45.03,"36' 5""","45' 4""",28.81,67.31,"7' 9""",1.05,16,38.89,91.53,71.75
"120",2022,"Ryan Armour","120",NA,NA,71.259,28,20.97,72.12,287.7,69.25,"8,273.167",270,29.25,65.16,-0.032,0.286,0.254,0.215,0.437,-0.366,3.96,3.08,4.74,62.42,11.48,12.44,3.8,78.37,56.88,"27' 7""","47' 0""",21.74,60,"7' 6""",8.47,13.7,34.09,90.08,70
"121",2022,"Tony Finau","121",NA,NA,71.677,35,25.68,52.44,300.8,70.31,"15,707.750",441,29.16,61.99,-0.572,0.651,0.079,0.621,0.285,-0.256,4.01,3.01,4.51,64.28,14.94,22.13,5.5,82.2,57.48,"29' 4""","41' 4""",25.84,43.75,"6' 5""",5.66,16.28,20.9,86.53,67.67
"122",2022,"Greyson Sigg","122",NA,NA,71.075,56,14.96,62.16,293.4,66.37,"25,517.750",680,28.7,64.9,0.06,-0.12,-0.06,0.088,-0.073,-0.134,4.01,3.01,4.63,62.12,14.15,15.11,7.8,76.4,56.12,"33' 2""","46' 4""",16.87,48.19,"7' 6""",7.24,15.08,25.44,88.74,70.58
"123",2022,"Sean O'Hair","123",NA,NA,71.378,20,20.83,67.51,292.8,64.72,"6,876.167",180,28.5,63.78,0.284,-0.766,-0.483,-0.874,-0.247,0.354,4.04,3.02,4.64,61.17,13.33,16.3,5.2,74.33,53.33,"35' 8""","44' 11""",11.76,65.12,"7' 0""",7.41,12,45.45,87.98,71
"124",2022,"Nick Hardy","124",NA,NA,71.599,35,16.84,56.03,303.2,68.41,"13,651.250",373,29.29,57.79,-0.267,-0.35,-0.617,-0.223,0.395,-0.523,4.01,3.05,4.69,64.39,12.97,22.18,6.8,77.37,59.07,"32' 4""","42' 8""",19.61,45.28,"8' 2""",1.09,11.54,32.76,87.98,70.6
"125",2022,"Brian Gay","125",NA,NA,71.697,35,17.54,60.82,281.6,57.62,"16,155.333",424,27.54,56.93,1.136,-2.156,-1.02,-1.505,-0.897,0.246,4.02,3.17,4.76,61.54,10.3,12.73,5.5,69.15,44.74,"34' 8""","42' 9""",21.88,60.87,"8' 5""",6.6,26.51,31.75,90.75,68.33
"126",2022,"Austin Smotherman","126",NA,NA,71.545,39,17.92,62.48,303.1,67.95,"14,796.333",446,29.15,56.89,-0.381,0.575,0.195,0.619,0.415,-0.458,4.05,3.04,4.64,63.62,13.04,10.14,7.8,78.4,50.74,"28' 11""","44' 0""",15.25,37.93,"7' 11""",4.9,6.59,24.59,88.98,69.71
"127",2022,"Tyler McCumber","T127",1,NA,71.937,28,14.61,53.25,313.1,66.87,"12,158.417",319,29.71,52.1,0.098,-1.353,-1.254,-0.468,-0.528,-0.355,4.14,3.05,4.61,65.02,13.52,19.67,5.7,81.95,51.11,"31' 11""","44' 1""",18.42,57.45,"9' 9""",6.52,16.67,37.74,85.84,68
"128",2022,"Francesco Molinari","T127",1,NA,71.624,29,20.73,57.57,293.6,62.84,"16,935.750",425,28.41,60.31,0.042,-0.444,-0.401,-0.321,-0.302,0.18,4.02,3.01,4.73,62.65,12.31,18.32,7.8,76.72,46.2,"33' 11""","46' 9""",20.34,55.81,"8' 5""",5.77,18.42,36.36,87.47,70.5
"129",2022,"Dylan Frittelli","129",1,NA,71.279,51,17.48,50.35,303.1,65.8,"27,891.917",698,28.82,58.6,-0.001,0.081,0.08,0.201,-0.25,0.13,4.05,3.06,4.63,63.56,14.93,18.66,7.6,78.43,55.11,"34' 6""","48' 2""",12.26,51.09,"7' 9""",3.64,16.41,36.21,87.98,71.11
"130",2022,"Taylor Moore","130",1,NA,71.345,42,23.89,61.23,301.7,67.2,"23,662.167",636,28.95,62.1,-0.108,-0.059,-0.167,-0.304,0.147,0.098,4.02,3.08,4.66,63.04,13.51,14.52,6.5,79.55,54.42,"32' 4""","44' 8""",15.85,47.37,"7' 6""",5.66,15.79,30.11,87.44,70.43
"131",2022,"Patrick Reed","131",1,NA,71.859,43,19.8,57.86,285.3,64.58,"20,890.917",512,28.18,60.78,0.447,-1.336,-0.889,-0.647,-0.797,0.108,4.03,3.01,4.64,61.19,14.36,12.62,8.2,77.16,50.85,"35' 3""","48' 11""",15.49,54.55,"7' 6""",6.92,15.79,25.32,89.96,70.88
"132",2022,"Chase Seiffert","132",NA,NA,70.791,25,23.44,61.32,287,66.22,"6,813.833",198,28.88,66.45,-0.209,0.567,0.358,0.527,-0.138,0.177,3.96,3.15,4.63,62.25,13.82,17.76,10.5,76.64,60,"31' 0""","40' 10""",33.33,51.11,"7' 0""",1.96,11.63,33.33,89,69.4
"133",2022,"Kevin Streelman","133",1,NA,71.109,52,24.07,69.26,296.1,66.77,"29,159.833",787,28.6,67.85,0.109,0.421,0.53,-0.193,0.303,0.31,4,3.04,4.64,61.92,9.08,12.38,5.6,76.1,48.42,"32' 11""","45' 5""",18,50.56,"7' 3""",5.64,12.26,26.85,90.2,70.8
"134",2022,"Brendon Todd","134",1,NA,70.835,47,26.55,68.2,275.2,65.01,"22,189.250",608,28.3,64.53,0.714,-0.317,0.397,-0.108,-0.478,0.269,4.03,3.01,4.65,59.21,10.34,13.5,5.1,75.68,47.34,"33' 2""","47' 2""",22.92,59.74,"6' 9""",5.33,11.93,38.75,90.13,70
"135",2022,"Rory Sabbatini","135",1,NA,71.124,27,12,61.9,287.1,64.4,"14,595.667",391,28.33,64.16,0.414,-0.015,0.399,-0.374,-0.138,0.496,3.99,3.16,4.51,62,9.74,15.26,8.8,78.21,46.53,"34' 5""","40' 1""",24.39,45.45,"6' 11""",6,26.87,40.85,87.47,71.75
"136",2022,"Kiradech Aphibarnrat","136",NA,NA,71.663,29,28.4,63.34,287.3,63.22,"8,756.833",246,28.48,59.9,-0.489,-0.748,-1.237,-0.568,0.092,-0.272,4.02,3.07,4.74,61.78,13.54,11.98,7.3,76.38,47.62,"31' 8""","45' 7""",6.67,60.34,"8' 5""",3.7,13.95,23.26,86.14,71.4
"137",2022,"Nick Taylor","137",NA,NA,71.189,52,21.97,60.22,296.1,66.03,"25,737.250",660,28.71,64.47,-0.09,0.081,-0.009,0.001,0.032,0.048,4.01,3.11,4.65,61.96,16.34,14.37,9.6,78.29,51.4,"33' 8""","47' 0""",11.11,51.25,"7' 4""",6.94,14.73,29,87.1,70.73
"138",2022,"Brian Stuard","138",2,NA,71.063,57,15.44,71.86,275.5,65.2,"24,373.583",662,28.51,64.99,-0.158,-0.148,-0.306,-0.012,-0.364,0.228,4.01,2.97,4.77,59.11,8.25,13.75,3.5,71.78,50.9,"33' 1""","46' 11""",13.04,46.99,"8' 2""",5.03,13.64,25.49,88.97,71.11
"139",2022,"Lee Hodges","139",2,NA,71.528,51,20.15,63.08,296.2,67.32,"27,525.667",731,29.55,58,-0.562,0.262,-0.299,-0.138,0.256,0.145,4.07,3.02,4.65,62.79,13.63,16.64,2.5,76.01,54.79,"33' 2""","47' 3""",17.82,45.95,"7' 8""",5.33,14.79,28.13,86.71,72.33
"140",2022,"Henrik Norlander","140",1,NA,71.413,46,23.44,60.09,291.5,69.2,"22,028.417",601,29.65,54.9,-0.479,-0.033,-0.512,0.328,-0.235,-0.127,4.05,3.02,4.66,61.42,14.32,16.67,5.8,79.27,54.55,"29' 7""","55' 8""",14.93,53.03,"8' 1""",5.76,11.45,24.47,87.04,70
"141",2022,"Jim Knous","141",NA,NA,71.458,27,18.29,53.85,294.9,65.64,"7,179.083",212,28.63,57.49,0.517,-0.079,0.438,-0.818,-0.02,0.759,4.03,3.1,4.59,63.4,19.28,12.65,10.8,81.77,50.57,"29' 5""","42' 6""",21.05,42,"5' 4""",7.69,25.64,39.29,87.38,71.2
"142",2022,"Graeme McDowell","142",NA,NA,71.601,34,19.77,65.25,282.5,65.52,"14,548.417",375,28.65,59.72,-0.035,-0.753,-0.787,0.072,-0.4,-0.424,4.01,3.11,4.69,60.86,16.55,10,8.6,75.65,53.66,"35' 5""","44' 10""",9.52,51.72,"8' 7""",5.38,13.51,32.79,88.14,73.2
"143",2022,"Scott Gutschewski","143",NA,NA,71.594,34,18.92,56.21,296.5,68.46,"9,898.000",287,29.12,64.77,-0.261,0.296,0.035,0.314,-0.305,0.288,3.99,3.04,4.69,62.36,17.27,20.91,7.3,80.52,58.65,"29' 1""","44' 4""",19.35,57.89,"7' 9""",4.41,10.77,34.21,89.31,70
"144",2022,"Kevin Tway","144",1,NA,71.628,47,18.18,49.77,309.9,64.54,"27,207.250",659,28.98,59.67,0.458,-0.976,-0.518,-0.836,-0.087,-0.053,4.07,3.06,4.6,64.84,15.84,19.8,7.1,77.23,54.57,"35' 3""","45' 11""",16.28,60,"8' 9""",3.85,19.85,36,89.55,70.14
"145",2022,"James Hahn","T145",NA,NA,71.388,33,16.67,61.89,302.1,65.99,"16,003.333",393,29.52,62.38,-0.888,0.335,-0.553,-0.143,0.232,0.246,4.04,3.1,4.64,63.35,14.52,16.5,4.3,75.8,58.96,"35' 9""","47' 7""",13.24,57.14,"8' 2""",2.22,16.9,25,85.34,72.25
"146",2022,"Patrick Rodgers","T145",2,NA,71.162,47,15.13,47.79,306.3,67.85,"23,084.417",592,29.57,59.93,0.227,-0.034,0.193,0.006,-0.159,0.119,4.05,3.04,4.64,64.56,15.89,20.09,7.9,80.89,56.27,"32' 3""","47' 0""",16.05,43.66,"7' 10""",5.52,14.78,29.89,88.72,71.88
"147",2022,"Peter Uihlein","T145",NA,NA,71.528,36,20.19,46.31,307.1,64.97,"11,881.083",319,28.97,57.71,-0.093,-0.205,-0.297,-0.047,-0.308,0.15,4.04,3.08,4.67,64.65,20.58,19.34,7.4,75.86,60.22,"34' 3""","39' 8""",13.04,55.22,"8' 5""",2.94,17.65,25,87.76,70.67
"148",2022,"Ben Kohles","148",NA,NA,71.68,35,27.66,57.67,287.3,66.98,"11,487.167",305,28.89,59.13,-0.145,-0.969,-1.115,-0.172,-0.808,0.01,4.02,3.07,4.64,61.76,13.62,20,6.8,78.01,54.11,"29' 7""","51' 8""",6.67,45.45,"8' 7""",6.15,21.82,23.53,85.36,72.2
"149",2022,"Chris Stroud","149",NA,NA,71.429,19,25.4,60.92,288.6,65.2,"8,161.333",214,29.37,51.26,-0.455,-0.157,-0.612,0.643,-0.241,-0.559,4.07,3.15,4.64,60.93,15.24,14.02,6.7,76.73,53.92,"33' 7""","49' 3""",12.5,39.29,"8' 3""",9.09,19.44,20,83.4,71.5
"150",2022,"Paul Barjon","T150",1,NA,71.908,37,18.35,56.36,307.4,66.97,"19,226.000",519,29.54,51.82,-0.242,-0.183,-0.425,-0.064,0.313,-0.432,4.07,3.01,4.7,63.81,15.83,16.58,7.5,80.9,52.91,"32' 3""","45' 3""",19.72,41.18,"9' 0""",7.63,15.93,23.96,88.07,70.8
"151",2022,"Adam Svensson","T150",2,NA,71.375,50,24.31,62.34,291.5,68.89,"20,750.333",604,29.52,57.14,-0.329,0.067,-0.262,0.24,-0.048,-0.125,4.04,3.02,4.64,61.5,13.68,17.52,7.1,78.24,55.17,"30' 8""","42' 10""",20,44.05,"7' 4""",10.88,16.94,32.38,84.74,72.22
"152",2022,"Jonathan Byrd","152",1,NA,71.17,27,18.18,62.33,290.4,65.84,"8,589.500",232,28.52,68.07,0.238,-0.223,0.015,-0.166,-0.464,0.407,3.97,3.06,4.7,62.9,9.94,10.5,12.2,74.89,52.11,"33' 9""","40' 3""",11.11,52.17,"8' 4""",7.41,9.26,31.71,90.35,69.75
"153",2022,"Doc Redman","153",NA,NA,71.586,51,16.77,56.76,295.2,66.56,"23,885.083",627,29.24,56.03,0.083,-0.359,-0.276,0.195,-0.087,-0.467,4.05,3.03,4.67,61.86,14.11,17.84,5.4,74.69,57.24,"32' 0""","47' 8""",10.13,46.34,"8' 11""",6.92,12.7,37.63,87.02,71.56
"154",2022,"Kurt Kitayama","T154",1,NA,71.844,34,17.35,48.41,304.4,64.71,"11,640.083",322,29.15,56.02,-0.189,-0.341,-0.53,0.395,-0.349,-0.387,4.05,3.08,4.69,65.12,13.41,20.33,5.7,79.04,53.69,"29' 11""","44' 8""",27.91,50,"8' 2""",5.41,21.21,28.3,85.25,70.5
"155",2022,"Callum Tarren","T154",1,NA,71.872,29,23.96,55.09,307.9,67.43,"10,206.667",284,29.93,51.18,-0.787,-0.229,-1.016,-0.084,0.517,-0.661,4.03,3.19,4.64,64.52,19.82,16.22,7.7,78.38,60.22,"32' 7""","37' 6""",19.51,38.98,"8' 5""",4.17,25.93,25.64,82.48,68
"156",2022,"Pat Perez","156",2,NA,71.166,42,23.48,57.54,288.1,62.96,"21,785.500",554,28.45,60.71,0.126,0.065,0.191,0.151,-0.376,0.29,4.06,3.06,4.61,60.23,17.99,13.32,6.1,70.78,51.43,"34' 10""","48' 8""",16.44,55.38,"6' 8""",6.52,12.2,25,87.93,70.57
"157",2022,"Anirban Lahiri","157",1,NA,71.477,42,18.85,60.24,295.8,64.29,"21,963.500",568,28.79,58.52,0.064,-0.097,-0.033,-0.48,0.316,0.067,4.05,3.07,4.63,62.6,12.58,15.51,8.8,73.65,51.93,"32' 8""","52' 0""",21.43,49.25,"7' 2""",4.79,15.79,25.3,88.85,72.71
"158",2022,"Kelly Kraft","158",NA,NA,72.023,35,20.69,63.77,285.6,61.27,"14,617.750",409,28.43,52.05,0.783,-1.773,-0.99,-0.698,-0.602,-0.472,4.09,3.08,4.67,60.22,12.74,14.65,5.7,71.1,45.71,"31' 4""","45' 7""",15.63,46.48,"8' 9""",8.74,9.33,39.68,91.36,72
"159",2022,"Brandt Snedeker","159",NA,NA,71.726,39,22.33,60.77,290.5,67.24,"19,385.583",518,29.21,60,-0.157,-0.32,-0.476,-0.049,-0.306,0.035,4.04,3,4.7,61.49,12.5,14.5,6.3,77.88,50.23,"32' 10""","47' 7""",19.35,50.79,"7' 7""",2.96,21.11,19.77,88.52,69.4
"160",2022,"Nick Watney","160",1,NA,71.609,50,15.15,54.09,303.9,69.56,"25,590.083",677,29.72,58.39,0.119,-0.112,0.007,0.306,-0.095,-0.323,4.02,3.12,4.69,63.21,14.86,17.9,6.7,79.84,61.88,"34' 0""","42' 6""",21.43,49.3,"8' 6""",7.46,16.41,35.96,87.85,70.25
"161",2022,"Camilo Villegas","161",NA,NA,71.913,38,25.23,59.51,291.8,68.27,"13,279.250",355,29.45,54.38,-0.838,-0.001,-0.839,-0.031,-0.248,0.277,4.02,3.13,4.64,62.58,15.94,14.86,7.2,77.85,60.47,"32' 11""","44' 11""",19.51,40.74,"7' 7""",6.41,18.84,27.27,83.77,72
"162",2022,"Ryan Moore","T162",NA,NA,71.713,23,29.41,65.73,288.2,70.29,"10,638.917",306,29.3,60.16,-0.42,0.327,-0.092,0.495,-0.251,0.084,4.02,3,4.56,61.67,10.92,13.03,6.3,81.99,58.18,"29' 6""","42' 5""",27.03,38.71,"8' 3""",0,10,30.95,88.47,72
"163",2022,"Dylan Wu","T162",NA,NA,71.225,41,23.71,59.72,295.3,67.34,"16,371.000",446,29.22,62.24,0.303,-0.215,0.088,0.108,-0.21,-0.114,4.04,2.98,4.64,63.15,17.68,10.14,8.1,79.18,54.35,"32' 5""","41' 5""",21.57,46.67,"7' 11""",9.57,19.77,27.69,87.15,72.29
"164",2022,"Charley Hoffman","164",NA,NA,72.002,37,30,45.31,308.1,65.02,"20,453.333",537,28.62,58.37,-0.334,-0.587,-0.921,-0.43,-0.346,0.188,4.07,3.03,4.62,64.82,11.41,24.76,7,80.6,51.43,"32' 0""","40' 8""",20.69,44.23,"7' 1""",2.61,11.76,34.25,86.97,71.29
"165",2022,"Zach Johnson","165",NA,NA,71.255,38,21.7,60.84,282.6,64.04,"22,239.083",590,28.63,58.13,0.319,-0.526,-0.207,-0.268,-0.392,0.134,4.06,2.99,4.71,60.63,11.4,18.2,5.7,74.38,46.6,"32' 1""","48' 9""",8.7,52.94,"7' 6""",8.11,11.76,32.86,88.11,70.17
"166",2022,"Joseph Bramlett","166",NA,NA,71.958,49,21.23,52.28,317.3,70.07,"22,712.583",624,30.08,50.76,-0.986,0.33,-0.655,0.334,0.355,-0.358,4.05,3.07,4.66,65.74,18.39,20.08,4.2,80.56,62.96,"29' 3""","42' 11""",25,37.31,"8' 6""",5.88,10.74,21.7,86.53,71.25
"167",2022,"Wesley Bryan","167",NA,NA,71.612,23,20.9,59.87,290.4,61.35,"8,368.167",233,28.52,60.63,0.044,-0.689,-0.645,0.454,-1.057,-0.086,4.08,3.1,4.66,60.86,13.22,15.52,8,71.28,42.06,"31' 8""","45' 7""",25,60,"6' 0""",6.67,13.04,19.23,88.98,70.5
"168",2022,"Chez Reavie","168",1,NA,71.645,47,19.35,69.18,281.7,64.78,"23,616.750",661,29.06,62.75,-0.518,-0.1,-0.618,0.24,-0.315,-0.025,4.05,3.02,4.73,59.71,9.88,15.42,4,69.93,51.5,"32' 3""","44' 7""",17.74,54.79,"7' 10""",5.66,10.24,22.11,86.74,71.25
"169",2022,"Curtis Thompson","169",1,NA,71.708,45,20.93,52.64,305.5,63.58,"17,070.500",448,28.8,59.66,0.126,-0.714,-0.588,-0.41,0.034,-0.337,4.03,3.07,4.68,63.19,21.76,14.71,7.4,75.99,51.01,"32' 11""","45' 10""",17.02,46.99,"7' 11""",6.36,18.6,27.94,88.47,71.43
"170",2022,"Max McGreevy","170",1,NA,71.436,40,27.05,62.79,287.2,63.89,"16,885.167",432,28.63,57.31,0.108,-0.46,-0.352,-0.138,-0.294,-0.028,4.07,3.07,4.62,60.46,15.29,12.84,5.8,74.28,49.76,"35' 1""","48' 1""",15.22,37.68,"7' 7""",4.67,15.19,31.03,88.26,70.2
"171",2022,"Peter Malnati","171",1,NA,71.458,59,21.02,51.77,296.2,64.6,"28,296.750",769,28.39,60.64,0.082,-0.22,-0.138,0.047,-0.307,0.039,4.02,3.04,4.7,63.03,14.48,17.55,8.2,78.96,51.27,"31' 9""","43' 11""",21.59,48.96,"7' 5""",5.39,13.92,27.59,89.53,71.36
"172",2022,"Harry Higgs","172",1,NA,71.528,46,18.26,56.8,300.2,62.2,"26,651.417",678,28.37,64.86,0.293,-0.776,-0.484,-0.619,-0.1,-0.058,4.04,3.06,4.66,62.89,14.97,19.19,4.6,76.32,51.28,"34' 3""","47' 11""",19.78,52.22,"8' 3""",4.22,17.04,32.26,88.95,71
"173",2022,"Andrew Novak","173",NA,NA,71.432,42,28.57,56.58,292.1,65.74,"15,253.167",394,28.71,66.02,-0.278,-0.084,-0.361,0.099,-0.264,0.081,4,3.08,4.66,62.68,12.87,21.45,8.3,74.92,58.27,"34' 3""","45' 4""",16,49.15,"7' 4""",11.21,12.16,26.92,86.73,69
"174",2022,"Brandon Hagy","174",NA,NA,71.934,48,20.25,47.2,314.2,61.46,"21,247.917",538,28.88,56.46,-0.175,-0.661,-0.836,-0.626,-0.056,0.021,4.06,3.19,4.61,65.87,16.79,21.8,4.8,77.88,53.3,"32' 9""","46' 6""",32,55.56,"7' 10""",4.93,13.1,27.4,87.39,71
"175",2022,"Justin Lower","175",NA,NA,71.709,34,20.41,57.68,292.7,69.77,"9,850.833",285,29.85,55.68,-0.841,-1.129,-1.969,0.085,-0.874,-0.339,4.07,3.06,4.63,62.1,10.91,17.27,9.5,82.85,57.21,"30' 4""","43' 2""",18.52,48,"7' 8""",4.55,13.85,28.26,84.52,71
"176",2022,"Jared Wolfe","176",NA,NA,71.698,35,21.43,53.8,306.8,67.3,"15,870.333",407,29.8,58.25,-0.302,-0.511,-0.812,-0.25,-0.112,-0.149,4.07,3.03,4.62,64.4,15.72,19.5,7.2,79.39,53.33,"30' 3""","50' 11""",28.57,44.44,"9' 0""",2.54,14.63,31.51,88.57,69.75
"177",2022,"Danny Willett","177",NA,NA,71.069,28,25,63.14,295.9,65.87,"11,891.750",316,28.82,61.63,-0.298,0.39,0.092,-0.299,0.191,0.498,4.03,3.11,4.64,62.8,12.6,17.07,6.5,76.73,51.75,"31' 10""","49' 11""",10.26,42.42,"6' 4""",6.1,16.67,28.26,86.31,69.8
"178",2022,"Roger Sloan","178",NA,NA,71.352,44,25.56,57.24,295,64.14,"22,458.000",589,28.64,57.39,-0.065,-0.156,-0.222,-0.105,-0.088,0.036,4.03,3.1,4.69,63.21,13.33,17.56,3.6,77.59,49.23,"32' 8""","49' 2""",19.72,41.54,"6' 6""",7.19,18.92,31.18,86.99,71
"179",2022,"Stephan Jaeger","179",NA,NA,71.513,45,14.81,54.09,287,59.63,"24,722.083",624,28.22,62.08,0.279,-0.802,-0.523,-0.258,-1.023,0.478,4.08,3.01,4.73,60.62,17.55,15.22,7.8,72.11,46.15,"33' 2""","50' 1""",19.67,53.26,"7' 0""",4.32,18.8,37.21,87.42,71.5
"180",2022,"Jim Herman","180",1,NA,71.751,33,21.74,67.54,290.6,68.35,"16,179.667",450,29.85,57.98,-0.409,-0.592,-1.001,-0.238,-0.112,-0.242,4.06,3.05,4.73,60.91,11.37,14.29,5.8,76.95,52.7,"32' 11""","44' 9""",18.52,46.15,"7' 2""",6.45,16.48,31.34,84.96,70.4
"181",2022,"Brice Garnett","181",1,NA,71.59,49,20.34,66.77,290.2,65.99,"22,541.250",588,28.98,65.33,0.158,-0.35,-0.192,-0.345,-0.039,0.034,4.02,3.03,4.72,60.91,12.39,12.17,6.2,77.21,47.56,"33' 2""","50' 1""",15.28,50,"7' 10""",6.88,19,22.62,89.26,71
"182",2022,"Branden Grace","182",1,NA,72.25,34,18,60.59,290.4,64.71,"19,306.917",511,29.32,58.8,-0.726,-0.624,-1.35,-0.689,-0.05,0.115,4.04,3.07,4.75,63.05,11.6,16.54,6.2,76.92,47.85,"33' 0""","42' 7""",31.34,53.85,"7' 1""",4.76,13.59,26.58,85.9,69.6
"183",2022,"Scott Piercy","183",NA,NA,71.848,42,22.13,52.67,295.2,61.9,"22,671.000",569,28.33,60.76,-0.072,-0.407,-0.479,-0.257,-0.276,0.126,4.06,3.12,4.6,62.8,11.62,22.78,8.4,74.84,46.91,"34' 4""","46' 8""",14.1,53.03,"7' 10""",5.26,16.84,26.14,88.32,72.33
"184",2022,"William McGirt","184",NA,NA,71.27,26,11.29,63.26,287,67.95,"16,160.583",449,29.31,65.33,-0.24,-0.109,-0.349,-0.213,-0.375,0.48,4.04,3.02,4.65,61.1,10.66,14.12,8.6,75.98,54.89,"32' 0""","40' 9""",6.06,48.72,"7' 1""",1.65,16.3,25,89.76,71
"185",2022,"Garrick Higgo","185",NA,NA,71.867,32,9.52,53.57,300.4,65.8,"14,326.333",357,29.41,48.73,-0.323,-0.258,-0.581,-0.115,0.007,-0.151,4.08,3.05,4.66,65.7,13.41,13.41,7.6,80.42,49.04,"33' 8""","47' 4""",37.5,38.78,"8' 4""",6.73,12.16,31.48,87.57,72.83
"186",2022,"Ian Poulter","186",NA,NA,71.136,27,21.21,63.77,290.3,64.35,"14,883.500",388,28.75,62.99,-0.001,0.243,0.242,0.067,-0.139,0.314,4.04,3,4.73,60.65,9.54,12.17,8.2,70.42,53.72,"33' 10""","49' 5""",20.45,45.45,"7' 7""",5,17.39,37.7,86.31,72.25
"187",2022,"J.T. Poston","187",NA,NA,71.525,40,22.12,58.99,299.4,65.14,"23,972.167",605,29.3,64.14,-0.189,-0.13,-0.319,-0.422,0.244,0.048,4.05,3.1,4.56,63.43,13.19,14.89,7.9,78.35,51.75,"35' 0""","45' 9""",27.96,43.66,"7' 6""",4.19,12.4,35.11,89.03,69.2
"188",2022,"Bill Haas","188",NA,NA,71.383,56,20.74,55.89,295.8,66.27,"24,395.833",605,29.13,63.53,-0.056,-0.301,-0.357,-0.346,-0.247,0.292,4.03,3.04,4.66,62.18,12.53,19.22,8.6,77.08,54.55,"35' 3""","49' 2""",18.33,52,"7' 2""",5.35,8.08,30.12,89.19,71.5
"189",2022,"Seung-Yul Noh","189",NA,NA,71.865,41,19.44,50.62,297.6,66.26,"16,676.917",425,29.24,58.63,0.074,-1.123,-1.049,-0.203,-1.065,0.145,4.04,3.08,4.69,62.02,14.95,22.43,7.2,75.35,58.72,"32' 10""","46' 3""",15.22,55.22,"6' 11""",3.85,16.88,33.33,87.95,71.75
"190",2022,"Andrew Landry","190",2,NA,72.484,26,19.48,66.3,285,64.1,"11,672.167",302,28.62,55.95,0.224,-1.63,-1.406,-1.209,-0.051,-0.37,4.03,3.13,4.74,61.11,8.58,17.6,3.4,74.79,48.76,"32' 9""","47' 8""",20.69,27.27,"9' 11""",11.59,12.33,25.45,90.03,67
"191",2022,"Kyle Stanley","191",NA,NA,71.791,43,15.57,66.95,290.8,68.6,"17,870.583",483,30.4,56.79,-1.138,-0.144,-1.283,0.053,0.235,-0.432,4.06,3.09,4.74,62.15,13.37,12.57,5.9,75.31,57.65,"32' 0""","46' 1""",14.29,41.27,"8' 2""",5.19,11.11,23.88,84.59,67.75
"192",2022,"Michael Gligic","T192",NA,NA,72.294,35,19.81,56.24,296.8,65.71,"13,478.750",374,29.4,56.48,-0.6,-0.734,-1.333,-0.312,-0.05,-0.372,4.07,3.14,4.6,63.21,13.1,22.07,9,77.82,54.67,"31' 5""","44' 3""",18.18,42.86,"8' 9""",1.14,9.2,20.37,88.83,71.5
"193",2022,"Martin Trainer","T192",2,NA,71.852,45,25.76,51.69,303.2,64.07,"21,657.583",516,28.91,57.04,0.742,-1.523,-0.781,-1.026,-0.335,-0.161,4.07,3.12,4.64,64.51,20.56,17.51,7.4,82.3,49.83,"35' 2""","48' 7""",14.75,39.73,"7' 9""",9.15,21.7,31.25,89.51,71
"194",2022,"Cameron Champ","194",NA,NA,72.589,24,17.11,50.45,322,62.27,"13,423.333",338,29.25,58.28,-0.287,-0.295,-0.581,-0.509,0.48,-0.266,4.18,3.12,4.52,64.59,21.76,18.7,6.5,71.6,52.41,"32' 1""","48' 6""",20,32.5,"8' 0""",2.41,13.43,24,88.39,74.67
"195",2022,"Jason Dufner","195",NA,NA,72.049,24,26.03,59.58,287.8,64.58,"8,507.250",232,29.08,56.86,-0.257,-0.494,-0.751,-0.067,-0.222,-0.205,4.08,3.16,4.62,61.65,12.29,20.11,8.9,74.37,58.52,"30' 6""","48' 11""",9.52,45.95,"8' 2""",5.08,21.74,33.33,84.06,71.33
"196",2022,"Austin Cook","196",NA,NA,72.233,39,18.27,68.69,284,61.68,"14,727.667",408,28.41,62.83,-0.032,-0.989,-1.021,-0.778,-0.231,0.02,4.04,3.13,4.73,61,10.69,10.69,5.7,70.24,47.06,"33' 4""","43' 2""",11.11,51.32,"7' 8""",3.96,11.76,31.82,89.23,71.17
"197",2022,"Hank Lebioda","197",NA,NA,71.735,44,19.23,61.15,291.5,63.38,"22,989.917",574,28.93,60.34,0.095,-0.545,-0.45,0.023,-0.384,-0.184,4.05,3.11,4.65,61.78,10.27,18.04,8.7,77.21,44.3,"34' 5""","51' 9""",16.92,44.93,"8' 2""",5.73,12.61,36.51,88.51,71.67
"198",2022,"Jimmy Walker","198",NA,NA,71.939,41,23.02,53.25,293.9,64.5,"21,289.833",589,29.07,57.25,-0.3,-0.248,-0.548,0.101,-0.565,0.215,4.04,3.07,4.71,62.34,12.89,21.56,5.8,76.9,53.76,"31' 8""","42' 11""",14.29,46.67,"7' 0""",3.94,16.24,28.28,88.18,72
"199",2022,"Adam Schenk","199",2,NA,71.555,49,17.57,52.22,303.2,63.72,"25,148.083",642,28.61,58.75,0.166,-0.792,-0.626,-0.021,-0.239,-0.532,4.06,3.06,4.71,62.93,14.92,18.75,8.3,71.39,53.56,"33' 5""","49' 7""",14.12,37.08,"9' 0""",4.88,13.85,32.35,89.97,72.43
"200",2022,"Chesson Hadley","200",NA,NA,72.433,48,19.58,52.04,301.9,61.69,"22,137.250",569,28.69,58.91,0.476,-1.496,-1.02,-0.503,-0.522,-0.471,4.11,3.06,4.72,63.03,16.89,18.49,5,71.3,50,"33' 5""","47' 6""",14.29,50,"9' 2""",2.56,12.71,39.19,91.07,71.17
"201",2022,"David Skinns","201",NA,NA,72.436,34,19.05,53.68,300.3,64.54,"14,142.333",356,29.56,54.84,-0.271,-0.918,-1.189,-0.361,-0.511,-0.046,4.07,3.13,4.72,62.74,17.09,16.36,4.7,77.65,55.45,"34' 8""","47' 7""",17.39,40,"7' 9""",6.17,16.22,23.21,86.93,72.5
"202",2022,"Richy Werenski","202",NA,NA,72.183,40,22.58,56.08,292.1,63.89,"18,819.750",496,28.95,56.92,0.202,-0.894,-0.692,-0.267,-0.436,-0.19,4.08,3.08,4.71,61.39,14.74,16.84,5.3,71.84,54.55,"34' 4""","45' 11""",14.29,44.74,"7' 7""",6.87,16.48,31.08,88.8,71
"203",2022,"Joshua Creel","203",NA,NA,72.723,25,17.57,61.89,283.4,58.44,"9,773.667",266,28.56,62.57,0.484,-1.256,-0.772,-0.964,-0.071,-0.222,4.07,3.14,4.83,61.1,16.19,10.95,7.6,69.91,47.37,"34' 0""","40' 8""",25,58.62,"8' 10""",6.25,18,26.83,89.09,72
"204",2022,"Dawie van der Walt","204",NA,NA,72.514,32,17.86,57.53,294.5,64.76,"11,585.250",322,29.5,53.2,-0.276,-0.524,-0.8,-0.252,-0.146,-0.126,4.07,3.02,4.86,62.9,14.63,18.29,6.5,74.61,51.85,"31' 4""","47' 9""",14.29,30.95,"8' 0""",9.33,15.15,33.33,86.14,73.5
"205",2022,"Brett Drewitt","205",NA,NA,72.169,32,15.79,56.82,294.1,65.28,"10,469.500",283,29.44,61,-1.067,-0.006,-1.073,-0.403,-0.022,0.418,4.08,3.14,4.62,62.47,15.25,14.35,9.9,75.98,53.37,"33' 10""","39' 10""",22.58,47.37,"6' 2""",2.86,6.9,17.14,85.99,69.75
"206",2022,"Matt Wallace","206",1,NA,72.328,26,11.11,55.87,303.5,63.46,"14,484.917",375,29.62,54.97,-0.43,-1.53,-1.96,-0.608,-0.751,-0.17,4.13,3.04,4.77,63.48,17.71,12.85,6.6,76,48.1,"34' 3""","40' 11""",26,44.44,"8' 4""",2.86,15.07,26.92,87.56,69.33
"207",2022,"Jonas Blixt","207",NA,NA,73.961,25,11.49,54.18,293,56.22,"12,294.167",303,28.12,56.85,-0.074,-2.088,-2.162,-1.265,-0.528,-0.296,4.09,3.21,4.85,62.66,15.52,16.81,9.1,69.68,44.03,"35' 1""","49' 8""",10.81,47.46,"7' 8""",7.41,8.47,28.57,89.94,73
"208",2022,"Bronson Burgoon","208",NA,NA,72.242,37,18.18,52.45,298.4,62.76,"17,544.083",479,28.92,58.06,0.068,-0.929,-0.861,-0.199,-0.488,-0.242,4.09,3.05,4.76,62.24,13.82,20.33,8.1,73.88,51.03,"30' 6""","45' 11""",9.43,44.44,"7' 10""",4.2,19.35,32.47,88.16,70.8
"209",2022,"Charl Schwartzel","209",NA,NA,73.772,23,21.74,49.53,295.6,59.18,"12,584.333",303,29.52,50.3,-1.321,-1.459,-2.78,-0.409,-0.977,-0.073,4.16,3.2,4.7,61.97,12.99,21.21,6.9,70.25,48.45,"34' 3""","48' 7""",27.08,39.02,"7' 4""",0,12.77,25,81.79,72
